chr17	7675088	C	A	0.00008
chr17	7674220	G	A	0.0003
chr13	32340300	A	G	0.00015
chr13	32356550	C	T	0.00012
chr7	117559590	ATCT	A	0.00005
chr7	55249071	C	T	0.0001
chr10	94781859	G	A	0.31
chr6	31464003	T	G	0.0042
chr2	165342465	G	A	0.00009
chr17	43093449	C	T	0.0002
chr17	43091434	T	C	0.00006
chr12	25225628	C	A	0.00002
chr19	44908684	T	C	0.092
chr3	179234297	A	G	0.15
chr5	112175770	G	A	0.0008
chr1	11288758	G	A	0.003
chr11	108236086	C	T	0.0004
chr9	5073770	G	T	0.00003
chr4	55599321	A	T	0.0001
chr15	66727455	T	C	0.025
