chr17	7675088	C	A	0.00006
chr17	7674220	G	A	0.00025
chr13	32356550	C	T	0.00014
chr7	55249071	C	T	0.00008
chr10	94781859	G	A	0.29
chr6	31464003	T	G	0.0048
chr17	43093449	C	T	0.00018
chr12	25225628	C	A	0.00001
chr19	44908684	T	C	0.088
chr3	179234297	A	G	0.14
chr5	112175770	G	A	0.0007
chr1	11288758	G	A	0.0028
chr11	108236086	C	T	0.00035
chr9	5073770	G	T	0.00004
chr15	66727455	T	C	0.023
chr2	47702181	C	T	0.0006
chr8	145742511	G	A	0.0001
chr16	3788556	A	C	0.012
chr20	62303913	T	G	0.00002
chr22	29130361	C	A	0.0003
